<?xml version="1.0" encoding="UTF-8"?>
<project-private xmlns="http://www.netbeans.org/ns/project-private/1">
    <editor-bookmarks xmlns="http://www.netbeans.org/ns/editor-bookmarks/2" lastBookmarkId="0"/>
    <open-files xmlns="http://www.netbeans.org/ns/projectui-open-files/2">
        <group>
            <file>file:/C:/Users/Acer/Desktop/Agenda-em-Java/AgendaPOO/src/agendapoo/Edit.java</file>
            <file>file:/C:/Users/Acer/Desktop/Agenda-em-Java/AgendaPOO/src/agendapoo/RegisterBook.java</file>
            <file>file:/C:/Users/Acer/Desktop/Agenda-em-Java/AgendaPOO/src/agendapoo/Arquivo.java</file>
            <file>file:/C:/Users/Acer/Desktop/Agenda-em-Java/AgendaPOO/src/agendapoo/Remove.java</file>
            <file>file:/C:/Users/Acer/Desktop/Agenda-em-Java/AgendaPOO/src/agendapoo/Control.java</file>
            <file>file:/C:/Users/Acer/Desktop/Agenda-em-Java/AgendaPOO/src/agendapoo/RegisterBookPlus.java</file>
            <file>file:/C:/Users/Acer/Desktop/Agenda-em-Java/AgendaPOO/src/agendapoo/AgendaPOO.java</file>
            <file>file:/C:/Users/Acer/Desktop/Agenda-em-Java/AgendaPOO/src/agendapoo/Add.java</file>
            <file>file:/C:/Users/Acer/Desktop/Agenda-em-Java/AgendaPOO/src/agendapoo/Register.java</file>
            <file>file:/C:/Users/Acer/Desktop/Agenda-em-Java/AgendaPOO/src/agendapoo/Search.java</file>
            <file>file:/C:/Users/Acer/Desktop/Agenda-em-Java/AgendaPOO/src/agendapoo/Sort.java</file>
        </group>
    </open-files>
</project-private>
